<?xml version="1.0" encoding="UTF-8"?>
<keybindings>
  <keybinding keycode="a" alt="FALSE" control="TRUE" shift="FALSE" type="SELECT_ALL_MODELS"/>
  <keybinding keycode="a" alt="TRUE" control="TRUE" shift="FALSE" type="SELECT_ALL"/>
  <keybinding keycode="a" alt="FALSE" control="TRUE" shift="FALSE" type="SELECT_ALL_NO_TIMING"/>
  <keybinding keycode="F10" alt="FALSE" control="FALSE" shift="FALSE" type="BACKUP"/>
  <keybinding keycode="F11" alt="FALSE" control="FALSE" shift="FALSE" type="ALTERNATE_BACKUP"/>
  <keybinding keycode="F9" alt="FALSE" control="FALSE" shift="FALSE" type="SELECT_SHOW_FOLDER"/>
  <keybinding keycode="" alt="FALSE" control="FALSE" shift="FALSE" type="LIGHTS_TOGGLE"/>
  <keybinding keycode="o" alt="FALSE" control="TRUE" shift="FALSE" type="OPEN_SEQUENCE"/>
  <keybinding keycode="w" alt="FALSE" control="TRUE" shift="FALSE" type="CLOSE_SEQUENCE"/>
  <keybinding keycode="n" alt="FALSE" control="TRUE" shift="FALSE" type="NEW_SEQUENCE"/>
  <keybinding keycode="" alt="FALSE" control="FALSE" shift="FALSE" type="RENDER_ALL"/>
  <keybinding keycode="" alt="FALSE" control="FALSE" shift="FALSE" type="PASTE_BY_CELL"/>
  <keybinding keycode="" alt="FALSE" control="FALSE" shift="FALSE" type="PASTE_BY_TIME"/>
  <keybinding keycode="" alt="FALSE" control="FALSE" shift="FALSE" type="SEQUENCE_SETTINGS"/>
  <keybinding keycode="" alt="FALSE" control="FALSE" shift="FALSE" type="PLAY_LOOP"/>
  <keybinding keycode="HOME" alt="FALSE" control="FALSE" shift="FALSE" type="START_OF_SONG"/>
  <keybinding keycode="END" alt="FALSE" control="FALSE" shift="FALSE" type="END_OF_SONG"/>
  <keybinding keycode="" alt="FALSE" control="FALSE" shift="FALSE" type="PLAY"/>
  <keybinding keycode="SPACE" alt="FALSE" control="FALSE" shift="FALSE" type="TOGGLE_PLAY"/>
  <keybinding keycode="" alt="FALSE" control="FALSE" shift="FALSE" type="STOP"/>
  <keybinding keycode="PAUSE" alt="FALSE" control="FALSE" shift="FALSE" type="PAUSE"/>
  <keybinding keycode="" alt="TRUE" control="TRUE" shift="FALSE" type="AUDIO_FULL_SPEED"/>
  <keybinding keycode="" alt="TRUE" control="TRUE" shift="FALSE" type="AUDIO_F_1_5_SPEED"/>
  <keybinding keycode="" alt="TRUE" control="TRUE" shift="FALSE" type="AUDIO_F_2_SPEED"/>
  <keybinding keycode="" alt="TRUE" control="TRUE" shift="FALSE" type="AUDIO_F_3_SPEED"/>
  <keybinding keycode="" alt="TRUE" control="TRUE" shift="FALSE" type="AUDIO_F_4_SPEED"/>
  <keybinding keycode="" alt="TRUE" control="TRUE" shift="FALSE" type="AUDIO_S_3_4_SPEED"/>
  <keybinding keycode="" alt="TRUE" control="TRUE" shift="FALSE" type="AUDIO_S_1_2_SPEED"/>
  <keybinding keycode="" alt="TRUE" control="TRUE" shift="FALSE" type="AUDIO_S_1_4_SPEED"/>
  <keybinding keycode="" alt="TRUE" control="TRUE" shift="FALSE" type="PRIOR_TAG"/>
  <keybinding keycode="" alt="TRUE" control="TRUE" shift="FALSE" type="NEXT_TAG"/>
  <keybinding keycode="s" alt="FALSE" control="TRUE" shift="FALSE" type="SAVE_CURRENT_TAB"/>
  <keybinding keycode="" alt="FALSE" control="TRUE" shift="FALSE" type="SAVE_SEQUENCE"/>
  <keybinding keycode="" alt="FALSE" control="TRUE" shift="TRUE" type="SAVEAS_SEQUENCE"/>
  <keybinding keycode="t" alt="FALSE" control="FALSE" shift="FALSE" type="TIMING_ADD"/>
  <keybinding keycode="" alt="FALSE" control="FALSE" shift="FALSE" type="TIMING_SPLIT"/>
  <keybinding keycode="+" alt="FALSE" control="FALSE" shift="TRUE" type="ZOOM_IN"/>
  <keybinding keycode="-" alt="FALSE" control="FALSE" shift="FALSE" type="ZOOM_OUT"/>
  <keybinding keycode="R" alt="FALSE" control="FALSE" shift="TRUE" type="RANDOM"/>
  <keybinding keycode="F1" alt="FALSE" control="TRUE" shift="FALSE" type="EFFECT_SETTINGS_TOGGLE"/>
  <keybinding keycode="F8" alt="FALSE" control="TRUE" shift="FALSE" type="EFFECT_ASSIST_TOGGLE"/>
  <keybinding keycode="F2" alt="FALSE" control="TRUE" shift="FALSE" type="COLOR_TOGGLE"/>
  <keybinding keycode="F3" alt="FALSE" control="TRUE" shift="FALSE" type="LAYER_SETTING_TOGGLE"/>
  <keybinding keycode="F4" alt="FALSE" control="TRUE" shift="FALSE" type="LAYER_BLENDING_TOGGLE"/>
  <keybinding keycode="F5" alt="FALSE" control="TRUE" shift="FALSE" type="MODEL_PREVIEW_TOGGLE"/>
  <keybinding keycode="F6" alt="FALSE" control="TRUE" shift="FALSE" type="HOUSE_PREVIEW_TOGGLE"/>
  <keybinding keycode="F9" alt="FALSE" control="TRUE" shift="FALSE" type="EFFECTS_TOGGLE"/>
  <keybinding keycode="F7" alt="FALSE" control="TRUE" shift="FALSE" type="DISPLAY_ELEMENTS_TOGGLE"/>
  <keybinding keycode="F8" alt="TRUE" control="TRUE" shift="FALSE" type="JUKEBOX_TOGGLE"/>
  <keybinding keycode="l" alt="FALSE" control="TRUE" shift="FALSE" type="LOCK_EFFECT"/>
  <keybinding keycode="u" alt="FALSE" control="TRUE" shift="FALSE" type="UNLOCK_EFFECT"/>
  <keybinding keycode="." alt="FALSE" control="TRUE" shift="FALSE" type="MARK_SPOT"/>
  <keybinding keycode="/" alt="FALSE" control="TRUE" shift="FALSE" type="RETURN_TO_SPOT"/>
  <keybinding keycode="." alt="FALSE" control="FALSE" rawControl="TRUE" shift="FALSE" type="MARK_SPOT"/>
  <keybinding keycode="/" alt="FALSE" control="FALSE" rawControl="TRUE" shift="FALSE" type="RETURN_TO_SPOT"/>
  <keybinding keycode="" alt="FALSE" control="TRUE" shift="FALSE" type="EFFECT_DESCRIPTION"/>
  <keybinding keycode="" alt="TRUE" control="TRUE" shift="FALSE" type="EFFECT_ALIGN_START"/>
  <keybinding keycode="" alt="TRUE" control="TRUE" shift="FALSE" type="EFFECT_ALIGN_END"/>
  <keybinding keycode="" alt="TRUE" control="TRUE" shift="FALSE" type="EFFECT_ALIGN_BOTH"/>
  <keybinding keycode="I" alt="FALSE" control="TRUE" shift="TRUE" type="INSERT_LAYER_ABOVE"/>
  <keybinding keycode="A" alt="FALSE" control="TRUE" shift="TRUE" type="INSERT_LAYER_BELOW"/>
  <keybinding keycode="X" alt="FALSE" control="TRUE" shift="TRUE" type="TOGGLE_ELEMENT_EXPAND"/>
  <keybinding keycode="" alt="FALSE" control="FALSE" shift="FALSE" type="SHOW_PRESETS"/>
  <keybinding keycode="F10" alt="FALSE" control="TRUE" shift="FALSE" type="PRESETS_TOGGLE"/>
  <keybinding keycode="F12" alt="TRUE" control="FALSE" shift="FALSE" type="VALUECURVES_TOGGLE"/>
  <keybinding keycode="F11" alt="TRUE" control="FALSE" shift="FALSE" type="COLOR_DROPPER_TOGGLE"/>
  <keybinding keycode="F12" alt="FALSE" control="FALSE" shift="FALSE" type="FOCUS_SEQUENCER"/>
  <keybinding keycode="F11" alt="FALSE" control="TRUE" shift="FALSE" type="SEARCH_TOGGLE"/>
  <keybinding keycode="F12" alt="FALSE" control="TRUE" shift="FALSE" type="PERSPECTIVES_TOGGLE"/>
  <keybinding keycode="F5" alt="FALSE" control="FALSE" shift="FALSE" type="EFFECT_UPDATE"/>
  <keybinding keycode="" alt="FALSE" control="FALSE" shift="FALSE" type="COLOR_UPDATE"/>
  <keybinding keycode="ESCAPE" alt="FALSE" control="FALSE" shift="FALSE" type="CANCEL_RENDER"/>
  <keybinding keycode="" alt="FALSE" control="FALSE" shift="FALSE" type="TOGGLE_RENDER"/>
  <keybinding keycode="l" alt="FALSE" control="TRUE" shift="FALSE" type="LOCK_MODEL"/>
  <keybinding keycode="u" alt="FALSE" control="TRUE" shift="FALSE" type="UNLOCK_MODEL"/>
  <keybinding keycode="g" alt="FALSE" control="TRUE" shift="FALSE" type="GROUP_MODELS"/>
  <keybinding keycode="" alt="FALSE" control="TRUE" shift="FALSE" type="WIRING_VIEW"/>
  <keybinding keycode="" alt="FALSE" control="TRUE" shift="FALSE" type="EXPORT_MODEL_CAD"/>
  <keybinding keycode="" alt="FALSE" control="TRUE" shift="FALSE" type="EXPORT_LAYOUT_DXF"/>
  <keybinding keycode="" alt="FALSE" control="TRUE" shift="FALSE" type="NODE_LAYOUT"/>
  <keybinding keycode="" alt="FALSE" control="TRUE" shift="TRUE" type="SAVE_LAYOUT"/>
  <keybinding keycode="" alt="FALSE" control="TRUE" shift="TRUE" type="MODEL_ALIGN_TOP"/>
  <keybinding keycode="" alt="FALSE" control="TRUE" shift="TRUE" type="MODEL_ALIGN_BOTTOM"/>
  <keybinding keycode="" alt="FALSE" control="TRUE" shift="TRUE" type="MODEL_ALIGN_LEFT"/>
  <keybinding keycode="" alt="FALSE" control="TRUE" shift="TRUE" type="MODEL_ALIGN_RIGHT"/>
  <keybinding keycode="" alt="FALSE" control="TRUE" shift="TRUE" type="MODEL_ALIGN_CENTER_VERT"/>
  <keybinding keycode="" alt="FALSE" control="TRUE" shift="TRUE" type="MODEL_ALIGN_CENTER_HORIZ"/>
  <keybinding keycode="" alt="FALSE" control="TRUE" shift="TRUE" type="MODEL_DISTRIBUTE_HORIZ"/>
  <keybinding keycode="" alt="FALSE" control="TRUE" shift="TRUE" type="MODEL_DISTRIBUTE_VERT"/>
  <keybinding keycode="" alt="FALSE" control="TRUE" shift="TRUE" type="MODEL_FLIP_HORIZ"/>
  <keybinding keycode="" alt="FALSE" control="TRUE" shift="TRUE" type="MODEL_FLIP_VERT"/>
  <keybinding keycode="" alt="FALSE" control="TRUE" shift="FALSE" type="MODEL_SUBMODELS"/>
  <keybinding keycode="" alt="FALSE" control="TRUE" shift="FALSE" type="MODEL_FACES"/>
  <keybinding keycode="" alt="FALSE" control="TRUE" shift="FALSE" type="MODEL_STATES"/>
  <keybinding keycode="" alt="FALSE" control="TRUE" shift="FALSE" type="MODEL_MODELDATA"/>
  <keybinding keycode="f" alt="FALSE" control="FALSE" shift="FALSE" type="EFFECT" effect="On" xLightsVersion="2022.13">E_TEXTCTRL_Eff_On_End=100,E_TEXTCTRL_Eff_On_Start=100</keybinding>
  <keybinding keycode="" alt="FALSE" control="FALSE" shift="FALSE" type="MODEL_ALIGN_BACKS"/>
  <keybinding keycode="" alt="FALSE" control="FALSE" shift="FALSE" type="MODEL_ALIGN_FRONTS"/>
  <keybinding keycode="" alt="FALSE" control="FALSE" shift="FALSE" type="MODEL_ALIGN_GROUND"/>
  <keybinding keycode="e" alt="FALSE" control="FALSE" shift="FALSE" type="EFFECT" effect="On" xLightsVersion="2020.15">E_TEXTCTRL_Eff_On_End=90,E_TEXTCTRL_Eff_On_Start=90</keybinding>
  <keybinding keycode="w" alt="FALSE" control="FALSE" shift="FALSE" type="EFFECT" effect="On" xLightsVersion="2020.15">E_TEXTCTRL_Eff_On_End=10,E_TEXTCTRL_Eff_On_Start=10</keybinding>
  <keybinding keycode="s" alt="FALSE" control="FALSE" shift="FALSE" type="EFFECT" effect="On" xLightsVersion="2020.15">E_TEXTCTRL_Eff_On_End=20,E_TEXTCTRL_Eff_On_Start=20</keybinding>
  <keybinding keycode="x" alt="FALSE" control="FALSE" shift="FALSE" type="EFFECT" effect="On" xLightsVersion="2020.15">E_TEXTCTRL_Eff_On_End=30,E_TEXTCTRL_Eff_On_Start=30</keybinding>
  <keybinding keycode="d" alt="FALSE" control="FALSE" shift="FALSE" type="EFFECT" effect="On" xLightsVersion="2020.15">E_TEXTCTRL_Eff_On_End=80,E_TEXTCTRL_Eff_On_Start=80</keybinding>
  <keybinding keycode="c" alt="FALSE" control="FALSE" shift="FALSE" type="EFFECT" effect="On" xLightsVersion="2020.15">E_TEXTCTRL_Eff_On_End=70,E_TEXTCTRL_Eff_On_Start=70</keybinding>
  <keybinding keycode="a" alt="FALSE" control="FALSE" shift="FALSE" type="EFFECT" effect="On" xLightsVersion="2020.15">E_TEXTCTRL_Eff_On_End=50,E_TEXTCTRL_Eff_On_Start=50</keybinding>
  <keybinding keycode="q" alt="FALSE" control="FALSE" shift="FALSE" type="EFFECT" effect="On" xLightsVersion="2020.15">E_TEXTCTRL_Eff_On_End=25,E_TEXTCTRL_Eff_On_Start=25</keybinding>
  <keybinding keycode="z" alt="FALSE" control="FALSE" shift="FALSE" type="EFFECT" effect="On" xLightsVersion="2020.15">E_TEXTCTRL_Eff_On_End=75,E_TEXTCTRL_Eff_On_Start=75</keybinding>
</keybindings>
